Offset-raw,filename,ConnSpanList
and,talk_1976_en,253..256
and,talk_1976_en,516..519
but,talk_1976_en,625..628
as,talk_1976_en,822..824
when,talk_1976_en,795..799
and,talk_1976_en,1092..1095
and,talk_1976_en,1114..1117
because,talk_1976_en,1226..1233
but,talk_1976_en,1457..1460
but,talk_1976_en,1640..1643
and,talk_1976_en,1750..1753
and,talk_1976_en,1941..1944
so,talk_1976_en,2301..2303
and,talk_1976_en,2544..2547
but,talk_1976_en,2476..2479
and,talk_1976_en,2697..2700
so,talk_1976_en,2860..2862
and,talk_1976_en,3187..3190
and,talk_1976_en,3224..3227
and,talk_1976_en,3594..3597
because,talk_1976_en,3618..3625
because,talk_1976_en,3676..3683
and,talk_1976_en,3841..3844
and,talk_1976_en,3910..3913
but,talk_1976_en,3936..3939
and,talk_1976_en,4084..4087
if,talk_1976_en,3974..3976
so,talk_1976_en,4022..4024
and,talk_1976_en,4346..4349
if,talk_1976_en,4239..4241
if,talk_1976_en,4291..4293
and,talk_1976_en,4433..4436
and,talk_1976_en,4592..4595
and,talk_1976_en,4693..4696
then,talk_1976_en,4697..4701
and,talk_1976_en,4854..4857
but,talk_1976_en,4752..4755
and,talk_1976_en,5028..5031
then,talk_1976_en,5004..5008
and,talk_1976_en,5818..5821
but,talk_1976_en,5929..5932
if,talk_1976_en,5933..5935
if,talk_1976_en,5952..5954
if,talk_1976_en,5985..5987
but,talk_1976_en,6340..6343
if,talk_1976_en,6139..6141
and,talk_1976_en,6522..6525
because,talk_1976_en,6812..6819
but,talk_2150_en_inter,1553..1556
so,talk_2150_en_inter,2461..2463
though,talk_2150_en_inter,2477..2483
and,talk_2150_en_inter,2880..2883
so,talk_2150_en_inter,2884..2886
also,talk_2150_en_inter,3584..3588
but,talk_2150_en_inter,3571..3574
also,talk_2150_en_inter,3921..3925
and,talk_2150_en_inter,3882..3885
so,talk_2150_en_inter,3944..3946
so,talk_2150_en_inter,4342..4344
so,talk_2150_en_inter,5102..5104
and,talk_2009_en,347..350
and,talk_2009_en,465..468
so,talk_2009_en,351..353
and,talk_2009_en,632..635
but,talk_2009_en,562..565
and,talk_2009_en,837..840
as,talk_2009_en,819..821
but,talk_2009_en,755..758
and,talk_2009_en,1266..1269
but,talk_2009_en,1230..1233
and,talk_2009_en,1571..1574
rather,talk_2009_en,2215..2221
but,talk_2009_en,2709..2712
and,talk_2009_en,2893..2896
and,talk_2009_en,2903..2906
because,talk_2009_en,3233..3240
for,talk_2009_en,3331..3334
or,talk_2009_en,3309..3311
but,talk_2009_en,3654..3657
so that,talk_2009_en,3790..3797
until,talk_2009_en,3711..3716
and,talk_1927_en,123..126
because,talk_1927_en,431..438
and,talk_1927_en,489..492
and,talk_1927_en,802..805
and,talk_1927_en,923..926
and,talk_1927_en,1083..1086
but,talk_1927_en,1226..1229
and,talk_1927_en,1271..1274
and,talk_1927_en,1320..1323
and,talk_1927_en,1348..1351
and,talk_1927_en,1448..1451
if,talk_1927_en,1485..1487
but,talk_1927_en,1531..1534
if,talk_1927_en,1554..1556
when,talk_1927_en,1641..1645
and,talk_1927_en,1826..1829
but,talk_1927_en,1871..1874
also,talk_1927_en,1912..1916
and,talk_1927_en,2283..2286
and,talk_1927_en,2457..2460
but,talk_1927_en,2415..2418
and,talk_1927_en,2631..2634
and,talk_1927_en,2778..2781
if,talk_1927_en,2733..2735
so,talk_1927_en,2730..2732
but,talk_1927_en,2964..2967
and,talk_1927_en,3084..3087
as,talk_1927_en,3048..3050
but,talk_1927_en,3142..3145
or,talk_1927_en,3180..3182
so,talk_1927_en,3229..3231
so,talk_1927_en,3311..3313
and,talk_1927_en,3505..3508
and,talk_1927_en,3582..3585
and,talk_1927_en,3683..3686
and,talk_1927_en,3726..3729
and,talk_1927_en,3800..3803
so,talk_1927_en,3918..3920
and,talk_1927_en,4008..4011
and,talk_1927_en,4074..4077
and,talk_1927_en,4273..4276
and,talk_1927_en,4826..4829
so,talk_1927_en,4958..4960
and,talk_1927_en,5130..5133
but,talk_1927_en,5359..5362
and,talk_1927_en,5486..5489
if,talk_1927_en,5448..5450
and,talk_1927_en,5616..5619
and,talk_1927_en,5839..5842
so,talk_1927_en,5852..5854
and,talk_1927_en,6114..6117
and,talk_1927_en,6661..6664
or,talk_1927_en,6777..6779
so,talk_1927_en,6750..6752
if,talk_1927_en,6894..6896
and,talk_1927_en,7191..7194
so,talk_1927_en,7290..7292
but,talk_1927_en,7331..7334
if,talk_1927_en,7883..7885
or,talk_1927_en,8070..8072
and,talk_1927_en,8121..8124
and,talk_1927_en,8130..8133
but,talk_1927_en,8591..8594
but,talk_1927_en,8731..8734
or,talk_1927_en,8886..8888
since,talk_1927_en,8735..8740
if,talk_1927_en,8934..8936
and,talk_1927_en,9205..9208
and,talk_1927_en,9321..9324
because,talk_1927_en,9420..9427
because,talk_1927_en,9641..9648
but,talk_1927_en,9525..9528
if,talk_1978_en,485..487
and,talk_1978_en,744..747
because,talk_1978_en,774..781
in fact,talk_1978_en,663..670
but,talk_1978_en,897..900
but,talk_1978_en,958..961
when,talk_1978_en,1163..1167
and,talk_1978_en,1495..1498
and,talk_1978_en,1559..1562
as,talk_1978_en,1507..1509
and,talk_1978_en,1703..1706
and,talk_1978_en,1722..1725
and,talk_1978_en,1791..1794
as,talk_1978_en,1755..1757
but,talk_1978_en,1734..1737
but,talk_1978_en,1830..1833
and,talk_1978_en,2022..2025
and,talk_1978_en,2039..2042
as,talk_1978_en,1949..1951
and,talk_1978_en,2220..2223
and,talk_1978_en,2320..2323
and,talk_1978_en,2337..2340
and,talk_1978_en,2356..2359
then,talk_1978_en,2324..2328
then,talk_1978_en,2341..2345
then,talk_1978_en,2360..2364
and,talk_1978_en,2408..2411
and,talk_1978_en,2447..2450
because,talk_1978_en,3036..3043
but,talk_1978_en,3023..3026
but,talk_1978_en,3181..3184
if,talk_1978_en,3226..3228
though,talk_1978_en,3306..3312
but,talk_1978_en,3470..3473
while,talk_1978_en,3658..3663
but,talk_1978_en,4013..4016
and,talk_1978_en,4181..4184
when,talk_1978_en,4263..4267
and,talk_1978_en,4457..4460
and,talk_1978_en,4814..4817
and,talk_1978_en,4872..4875
and,talk_1978_en,5095..5098
but,talk_1978_en,5368..5371
because,talk_1978_en,5688..5695
when,talk_1978_en,5886..5890
and,talk_1978_en,5953..5956
but,talk_1978_en,6021..6024
and,talk_1978_en,6288..6291
and,talk_1978_en,6435..6438
and,talk_1978_en,6611..6614
and,talk_1978_en,6698..6701
and,talk_1978_en,6780..6783
so,talk_1978_en,6702..6704
and,talk_1978_en,6944..6947
if,talk_1978_en,7048..7050
but,talk_1978_en,7157..7160
if,talk_1978_en,7161..7163
and,talk_1978_en,7271..7274
and,talk_1978_en,7505..7508
and,talk_1978_en,7645..7648
but,talk_1978_en,7771..7774
and,talk_1978_en,7828..7831
because,talk_1978_en,7963..7970
and,talk_1978_en,8075..8078
also,talk_1978_en,8365..8369
but,talk_1978_en,8361..8364
because,talk_1978_en,8428..8435
because,talk_1978_en,8495..8502
as,talk_1978_en,8561..8563
but,talk_1978_en,8912..8915
when,talk_1978_en,9350..9354
but,talk_1978_en,9520..9523
however,talk_1971_en,220..227
as,talk_1971_en,427..429
in fact,talk_1971_en,647..654
as,talk_1971_en,752..754
because,talk_1971_en,1023..1030
and,talk_1971_en,1138..1141
and,talk_1971_en,1690..1693
if,talk_1971_en,1619..1621
and,talk_1971_en,1814..1817
but,talk_1971_en,1889..1892
when,talk_1971_en,1751..1755
and,talk_1971_en,1925..1928
so,talk_1971_en,1929..1931
and,talk_1971_en,2276..2279
then,talk_1971_en,2169..2173
then,talk_1971_en,2280..2284
in short,talk_1971_en,2462..2470
and,talk_1971_en,2770..2773
or,talk_1971_en,3220..3222
and,talk_2150_en_intra,184..187
and,talk_2150_en_intra,357..360
but,talk_2150_en_intra,304..307
or,talk_2150_en_intra,241..243
when,talk_2150_en_intra,92..96
and,talk_2150_en_intra,550..553
and,talk_2150_en_intra,672..675
also,talk_2150_en_intra,815..819
and,talk_2150_en_intra,806..809
because,talk_2150_en_intra,1147..1154
but,talk_2150_en_intra,1034..1037
but,talk_2150_en_intra,1253..1256
and,talk_2150_en_intra,1435..1438
and,talk_2150_en_intra,1647..1650
and,talk_2150_en_intra,1824..1827
also,talk_2150_en_intra,2143..2147
and,talk_2150_en_intra,2260..2263
on the one hand,talk_2150_en_intra,2021..2036
and,talk_2150_en_intra,2599..2602
and,talk_2150_en_intra,2698..2701
and,talk_2150_en_intra,2980..2983
and,talk_2150_en_intra,3043..3046
and,talk_2150_en_intra,3221..3224
and,talk_2150_en_intra,3807..3810
and,talk_2150_en_intra,4072..4075
but,talk_2150_en_intra,4026..4029
and,talk_2150_en_intra,4509..4512
and,talk_2150_en_intra,4543..4546
and,talk_2150_en_intra,4648..4651
and,talk_2150_en_intra,4707..4710
if,talk_2150_en_intra,4547..4549
if,talk_2150_en_intra,5105..5107
and,talk_2150_en_intra,5353..5356
if,talk_2150_en_intra,5372..5374
and,talk_2150_en_intra,5651..5654
but,talk_2150_en_intra,5562..5565
if,talk_2150_en_intra,5670..5672
